{"ihr": [[0.4333333333333333, 0.4333333333333333, 0.4333333333333333, 0.4333333333333333, 0.4333333333333333], 3], "seid": [[0.4333333333333333, 0.4333333333333333, 0.4333333333333333, 0.4333333333333333, 0.4333333333333333], 3], "d\u00e4hmlich": [[0.5375000000000001, 0.5375000000000001, 0.5375000000000001, 0.5375000000000001, 0.5375000000000001], 8], "wir": [[0.7333333333333334, 0.7333333333333334, 0.7333333333333334, 0.7333333333333334, 0.7333333333333334], 3], "sind": [[0.7333333333333334, 0.7333333333333334, 0.7333333333333334, 0.7333333333333334, 0.7333333333333334], 3], "mein": [[0.4, 0.4, 0.4, 0.4, 0.4], 1], "sein": [[0.4, 0.4, 0.4, 0.4, 0.4], 2], "ich": [[0.4, 0.4, 0.4, 0.4, 0.4], 1]}